Variable,Importancia
num__area,0.14605743
num__parqueaderos,0.09527711
cat__antiguedad_MAS DE 20 ANOS,0.026604805
cat__antiguedad_ENTRE 0 Y 5 ANOS,0.022120912
num__administracion,0.01907477
cat__upz_SAN CRISTOBAL NORTE,0.01250109
num__banos,0.0118193915
cat__barrio_BARRANCAS,0.0103725
cat__estado_NUEVO,0.010159597
cat__upz_BOSA CENTRAL,0.009123025
cat__barrio_JOSE ANTONIO GALAN,0.008959284
cat__estado_USADO,0.00862777
cat__barrio_LA CABANA SUR,0.0076971045
cat__barrio_LAS MARGARITAS SUR,0.0073855286
num__latitud,0.00671651
num__gimnasio,0.0057893023
cat__barrio_SAN PABLO JERICO,0.005589383
num__longitud,0.00534675
cat__barrio_SABANA GRANDE,0.0053014597
cat__barrio_EL CHARCO I,0.0052997735
cat__barrio_EL TINTAL CENTRAL,0.005078639
num__piscina,0.0050659813
cat__antiguedad_PARA ESTRENAR,0.0049479106
num__ascensor,0.0048375144
cat__antiguedad_EN CONSTRUCCION,0.004607526
cat__upz_LAS NIEVES,0.0045420374
cat__barrio_BONANZA,0.004377258
cat__antiguedad_SOBRE PLANOS,0.004373547
cat__barrio_RINCON DEL CHICO,0.0042502265
cat__barrio_MUEQUETA,0.004067949
cat__antiguedad_ENTRE 5 Y 10 ANOS,0.0040560705
cat__barrio_JUAN XXIII ORIENTAL,0.0038635381
num__habitaciones,0.0038314578
cat__barrio_TUNA ALTA,0.003638928
cat__barrio_INTERINDUSTRIAL,0.0035062733
cat__upz_GRANJAS DE TECHO,0.0032822057
cat__barrio_PINOS DE LOMBARDIA,0.0030852794
cat__upz_ALAMOS,0.0029538677
cat__barrio_SIERRA MORENA I,0.0029504811
cat__upz_SUBA,0.0029304968
cat__barrio_CHICO NORTE II SECTOR,0.0028968484
cat__barrio_LAS ACACIAS ORIENTAL,0.0028603848
cat__barrio_LA PRADERA NORTE,0.0028096065
cat__antiguedad_ENTRE 10 Y 20 ANOS,0.0026701568
cat__barrio_SANTA BIBIANA,0.0026096771
cat__barrio_CAMPIN OCCIDENTAL,0.002603428
cat__barrio_POTRERILLO,0.0025027127
cat__barrio_BATAN,0.0025010589
cat__barrio_SAN LUIS,0.0024920353
cat__barrio_SAN GABRIEL NORTE,0.002459928
cat__barrio_ESTRELLA DEL NORTE,0.0024283691
cat__upz_GRAN YOMASA,0.002419851
cat__upz_LOS ANDES,0.0023935933
cat__barrio_LA ESTRADA,0.002383482
cat__barrio_VICTORIA NORTE,0.002382517
cat__upz_FONTIBON SAN PABLO,0.0023291404
cat__upz_SANTA CECILIA,0.0023222868
cat__barrio_LA ESTANCIA,0.0023138535
cat__barrio_EL TINTAL A.S.D.,0.0023075417
cat__barrio_ESTORIL,0.0022395323
cat__barrio_CIUDAD HUNZA,0.0022328869
cat__barrio_EL RECUERDO,0.0022191948
cat__barrio_CIUDADELA COLSUBSIDIO,0.0022164015
cat__barrio_LISBOA,0.0021954773
cat__barrio_BOSQUE DE PINOS II,0.0021487218
cat__antiguedad_REMODELADO,0.0021268039
cat__barrio_SAN VICENTE FERRER,0.0021161
cat__barrio_INGEMAR,0.0021045292
cat__barrio_VILLA ALSACIA NORTE,0.002086717
cat__upz_EL RINCON,0.002050033
cat__barrio_LA SALLE,0.0020485313
cat__barrio_LA INDEPENDENCIA,0.0020368036
cat__barrio_VILLAS DE ALCALA,0.002031618
cat__barrio_SAN ANTONIO NOROCCIDENTAL,0.0020207365
cat__barrio_SANTA BARBARA OCCIDENTAL,0.0020075077
cat__upz_LA URIBE,0.0019912438
cat__upz_NIZA,0.0019725775
cat__upz_LAS FERIAS,0.0019635414
cat__barrio_GINEBRA,0.001963431
cat__upz_CORABASTOS,0.0019621286
cat__upz_COUNTRY CLUB,0.0019569858
num__zona_de_bbq,0.0019387818
cat__upz_BOLIVIA,0.0019310534
cat__barrio_EL REFUGIO ORIENTAL,0.0019248637
cat__barrio_GRANADA,0.0019197213
cat__barrio_NUEVA ZELANDIA,0.0019047989
cat__barrio_MOLINOS NORTE,0.0018846284
cat__barrio_LA AURORA SUR,0.0018602225
cat__barrio_LA CAROLINA,0.0018484077
cat__barrio_SAN FELIPE,0.0018376383
cat__upz_PARDO RUBIO,0.0018196304
cat__barrio_CIUDAD SALITRE OCCIDENTAL,0.0018167717
cat__upz_EL REFUGIO,0.001799262
cat__barrio_SANTA BARBARA ORIENTAL,0.0017918911
cat__upz_CASTILLA,0.0017835354
cat__barrio_SUBA URBAN0,0.0017806623
cat__upz_LOS ALCAZARES,0.0017550497
cat__barrio_EL CONTADOR,0.0017440715
cat__barrio_CIUDAD JARDIN NORTE,0.0017369943
cat__barrio_SAN PATRICIO,0.0017324479
cat__upz_LA SABANA,0.001726056
cat__upz_COMUNEROS,0.0017226279
cat__barrio_TIBABITA I,0.0017148083
cat__barrio_EL NOGAL,0.0016846954
cat__barrio_CHAPINERO CENTRAL,0.0016829052
cat__upz_EL PRADO,0.0016790887
cat__barrio_EL CHICO,0.0016784612
cat__barrio_CIUDAD SALITRE NOR-ORIENTAL,0.0016629399
cat__barrio_SANTA INES,0.0016601663
cat__barrio_PASADENA,0.0016590114
cat__barrio_LOS CEDROS ORIENTAL,0.0016554596
cat__barrio_ATENAS SUBA,0.0016533636
cat__barrio_EL RETIRO,0.0016531341
cat__upz_LA ESMERALDA,0.0016465527
cat__barrio_PARIS,0.0016409473
cat__barrio_PARAMO I,0.0016378369
cat__barrio_FERROCAJA,0.0016321377
cat__upz_SAGRADO CORAZON,0.0016263024
cat__barrio_SANTA ANA,0.0016236085
cat__barrio_SAN DIEGO,0.001616922
cat__upz_KENNEDY CENTRAL,0.0016106846
cat__barrio_CIUDAD TECHO II,0.0016084759
cat__upz_CIUDAD SALITRE ORIENTAL,0.0015902773
cat__barrio_MAZUREN,0.0015851343
cat__barrio_SANTA TERESA,0.0015844223
cat__upz_ZONA INDUSTRIAL,0.0015826195
cat__barrio_EL BAGAZAL,0.0015789939
cat__barrio_RINCON DE SANTA INES,0.001573153
cat__upz_TOBERIN,0.0015696114
cat__barrio_EL PLAN,0.0015668498
cat__barrio_ANTIGUO COUNTRY,0.0015652765
cat__barrio_TUNAL ORIENTAL,0.0015617536
cat__barrio_OSORIO III,0.0015450728
cat__upz_SANTA BARBARA,0.0015422393
cat__upz_BOSA OCCIDENTAL,0.0015402125
cat__barrio_PRADO PINZON,0.0015320982
cat__upz_PASEO DE LOS LIBERTADORES,0.0015259436
cat__barrio_MIRANDELA,0.0015174629
cat__upz_USAQUEN,0.0015161388
cat__barrio_ALTOS DE SUBA,0.0015064925
cat__barrio_SIBERIA,0.001506478
cat__barrio_EL GACO,0.0015027096
cat__barrio_PRADO VERANIEGO NORTE,0.0014935435
cat__upz_CAPELLANIA,0.0014900714
cat__barrio_CASABLANCA SUBA I,0.0014855774
cat__upz_TIBABUYES,0.0014802781
cat__upz_CHAPINERO,0.001477346
cat__barrio_BELLAVISTA NORTE,0.0014733988
cat__barrio_ALAMOS ZARZAMORA,0.0014693624
cat__upz_FONTIBON,0.0014581288
cat__barrio_LOS ANGELES,0.0014496697
cat__barrio_LOS CEDROS,0.001449064
cat__barrio_RICAURTE,0.0014307066
cat__upz_GARCES NAVAS,0.0014295881
cat__barrio_NICOLAS DE FEDERMAN,0.0014212828
cat__barrio_VEREDA SUBA CERROS,0.0014166703
cat__barrio_LA CALLEJA,0.0014127733
cat__upz_LOS CEDROS,0.0014101834
cat__upz_CIUDAD MONTES,0.001407888
cat__barrio_FLORENCIA,0.0014028418
cat__upz_VENECIA,0.0014006433
cat__upz_CALANDAIMA,0.0014002043
cat__barrio_ESCUELA DE CARABINEROS,0.0013915302
cat__upz_BAVARIA,0.0013855624
cat__barrio_MONACO,0.0013804445
cat__barrio_ESPARTILLAL,0.0013802464
cat__barrio_SALITRE SUBA,0.0013702823
num__cultural_amenities_100,0.0013628274
cat__barrio_SAN CARLOS DE SUBA,0.0013623451
cat__barrio_CHICO NORTE III SECTOR,0.001354469
cat__barrio_LA ESPERANZA NORTE,0.001342436
cat__barrio_USAQUEN,0.0013378754
cat__barrio_BARRANCAS ORIENTAL,0.0013319845
cat__barrio_SAN JOSE DEL PRADO,0.0013262645
cat__upz_CHICO LAGO,0.0013251877
cat__barrio_VEREDA SUBA NARANJOS,0.0013081414
cat__barrio_BELLA SUIZA,0.0013065323
cat__barrio_BOSQUE DE PINOS I,0.0013064699
cat__barrio_CHAPINERO NORTE,0.0013054395
cat__barrio_SANTA CECILIA,0.0013050773
cat__barrio_CAOBOS SALAZAR,0.0013034515
cat__barrio_EMAUS,0.001300077
cat__barrio_EL LISTON,0.0012913414
cat__barrio_LAS VILLAS,0.0012859729
cat__barrio_LA CHUCUA,0.0012851
cat__barrio_NIZA SUBA,0.0012848952
cat__upz_LA FLORESTA,0.001281704
cat__barrio_EL ENSUENO,0.0012809314
cat__upz_SANTA ISABEL,0.0012805257
cat__barrio_TECHO,0.0012802941
cat__upz_EL PORVENIR,0.0012777385
cat__barrio_IBERIA,0.0012686737
num__accommodation_2000,0.0012655486
cat__barrio_EL ENCANTO,0.0012635593
cat__barrio_CHICO NORTE,0.0012635551
cat__barrio_LA PEPITA,0.0012591875
cat__barrio_SANTA BARBARA,0.0012369065
cat__barrio_VEREDA SUBA CERROS II,0.0012330868
cat__upz_SAN JOSE DE BAVARIA,0.0012277589
num__comercial,0.0012265483
cat__barrio_TIBABUYES,0.0012233759
cat__upz_CIUDAD USME,0.0012071391
cat__barrio_VILLEMAR,0.0012064598
num__catastral,0.001205979
cat__barrio_LA GRANJA,0.001205938
cat__barrio_LAS MARGARITAS NORTE,0.0012046923
cat__barrio_SANTA BARBARA CENTRAL,0.0011964007
num__cultural_amenities_500,0.0011945495
num__dining_and_entertainment_2000,0.0011935453
cat__barrio_TIBABITA II,0.0011912214
num__cultural_amenities_2000,0.0011881498
cat__barrio_SANTA HELENA,0.0011754318
num__healthcare_1000,0.0011740588
cat__barrio_PROVIVIENDA ORIENTAL,0.0011663232
num__healthcare_2000,0.0011641992
num__retail_access_500,0.0011635832
cat__barrio_RESTREPO OCCIDENTAL,0.0011627248
num__cultural_amenities_1000,0.0011613829
num__parks_and_recreation_2000,0.001160913
cat__barrio_EL PROGRESO,0.0011593152
num__retail_access_2000,0.0011591581
num__infrastructure_services_2000,0.0011573305
cat__barrio_CEDRO SALAZAR,0.0011566741
cat__barrio_POTOSI,0.0011549754
cat__barrio_GILMAR,0.0011542187
cat__upz_LA ALHAMBRA,0.0011529294
num__accommodation_1000,0.001152062
num__retail_access_1000,0.0011511715
cat__barrio_MARIA CRISTINA,0.0011465884
num__infrastructure_services_1000,0.0011441779
cat__upz_CIUDAD SALITRE OCCIDENTAL,0.0011399691
cat__barrio_ACACIAS USAQUEN,0.0011398909
cat__barrio_CUNDINAMARCA,0.0011276318
num__dining_and_entertainment_1000,0.0011236243
cat__barrio_LA CABRERA,0.0011232661
cat__barrio_TIBANA,0.0011166972
cat__barrio_PARDO RUBIO,0.0011133612
num__cultural_amenities_300,0.0011110822
cat__barrio_CLUB DE LOS LAGARTOS,0.001100706
cat__barrio_TIBABUYES NORTE,0.0011006522
cat__barrio_SAN JOSE DE USAQUEN,0.0010971308
num__parks_and_recreation_1000,0.0010903778
cat__upz_QUINTA PAREDES,0.0010890074
cat__upz_SOSIEGO,0.001088514
num__accommodation_500,0.0010836475
cat__barrio_ALTOS DE CHOZICA,0.0010736502
cat__barrio_BARRANCAS NORTE,0.0010732791
cat__barrio_LOS ROSALES,0.001070943
cat__barrio_SANTA CATALINA,0.0010707033
num__education_2000,0.0010687902
cat__upz_BOYACA REAL,0.0010643915
cat__barrio_METROPOLIS,0.0010616035
cat__barrio_LA LIBERTAD,0.0010610323
cat__upz_CASA BLANCA SUBA,0.0010600627
num__accommodation_300,0.0010561018
cat__upz_DOCE DE OCTUBRE,0.0010550895
cat__barrio_CEDRITOS,0.0010514138
cat__barrio_PORVENIR,0.0010408522
num__education_1000,0.0010356645
num__healthcare_500,0.0010270675
cat__barrio_BENJAMIN HERRERA,0.0010241638
cat__barrio_PRADO VERANIEGO SUR,0.0010214492
cat__barrio_BOSQUES DE SAN JORGE,0.0010187464
cat__barrio_ENGATIVA EL DORADO,0.0010167615
cat__barrio_COUNTRY CLUB,0.0010080681
cat__barrio_QUINTA PAREDES,0.0010020239
cat__barrio_LA URIBE,0.0009998047
num__parks_and_recreation_500,0.000996501
num__dining_and_entertainment_500,0.0009831751
cat__barrio_CASTILLA,0.0009785555
cat__barrio_ALMIRANTE COLON,0.0009671405
cat__upz_PARQUE SIMON BOLIVAR - CAN,0.00096524827
cat__barrio_LA CASTELLANA,0.0009619397
num__infrastructure_services_500,0.00096143247
cat__barrio_LAS ORQUIDEAS,0.0009598441
cat__barrio_SANTA ANA OCCIDENTAL,0.0009530673
num__infrastructure_services_300,0.00095273857
num__retail_access_300,0.0009490796
cat__upz_MODELIA,0.00094607857
cat__upz_DANUBIO,0.0009399539
cat__barrio_JULIO FLOREZ,0.0009383424
cat__barrio_GALAN SUR,0.00093759416
cat__barrio_SEMINARIO,0.0009353082
cat__barrio_LOS NARANJOS,0.0009325707
cat__barrio_CASABLANCA SUBA,0.0009286976
cat__barrio_PARCELA EL PORVENIR,0.00092810683
cat__barrio_LA LIBERIA,0.00092800986
cat__upz_VERBENAL,0.00092662673
cat__barrio_RAFAEL URIBE,0.00092522067
cat__barrio_CEDRO NARVAEZ,0.0009218484
num__parks_and_recreation_300,0.0009213164
num__infrastructure_services_100,0.0009170558
cat__barrio_LA GRANJA NORTE,0.000916841
cat__upz_PATIO BONITO,0.0009158104
cat__upz_MINUTO DE DIOS,0.0009045701
cat__barrio_MODELIA,0.0008992221
cat__barrio_MARSELLA,0.0008955924
cat__upz_TIMIZA,0.0008948845
cat__upz_AMERICAS,0.0008945771
cat__barrio_SAN BERNARDINO XIX,0.0008931478
num__accommodation_100,0.0008925896
num__healthcare_300,0.000890705
cat__barrio_CAPELLANIA,0.000890017
cat__upz_LAS CRUCES,0.0008852934
cat__barrio_EL DORADO INDUSTRIAL,0.00088275
num__dining_and_entertainment_300,0.00088133354
cat__barrio_ANDES NORTE,0.0008789751
cat__barrio_VILLA DEL RIO,0.0008789579
cat__barrio_TUNJUELITO USME,0.00086741324
cat__upz_RESTREPO,0.0008644115
cat__barrio_TIMIZA A,0.00086329126
cat__barrio_NUEVO TECHO,0.00086179445
cat__barrio_LOS EJIDOS,0.0008560092
num__education_500,0.00085279864
cat__barrio_CALANDAIMA,0.0008508247
cat__barrio_EL VERGEL SUR,0.00084880315
cat__barrio_CANODROMO,0.0008484723
cat__barrio_EL TOBERIN,0.0008339545
cat__barrio_CANTAGALLO,0.0008308052
cat__barrio_SAN MIGUEL,0.0008287385
cat__barrio_BOYACA,0.00082357315
cat__barrio_NIZA NORTE,0.00081608706
cat__barrio_MARIA PAZ,0.00081066584
cat__barrio_JORGE ELIECER GAITAN,0.00080931396
num__parks_and_recreation_100,0.000804402
cat__barrio_SANTA ISABEL,0.0007986226
cat__upz_GUAYMARAL,0.0007983221
cat__barrio_COOPERATIVA DE SUB-OFICIALES,0.0007959886
num__dining_and_entertainment_100,0.00079092383
cat__barrio_GRAN BRITALIA,0.00078334427
cat__upz_TINTAL SUR,0.0007791583
cat__barrio_TINTALA,0.00077509304
cat__barrio_HIPOTECHO,0.00077271514
cat__barrio_PAULO VI,0.0007696368
cat__barrio_NUEVA TIBABUYES,0.0007671915
cat__upz_TINTAL NORTE,0.000761896
num__conjunto_cerrado,0.00076123455
cat__barrio_LAS FLORES,0.0007599278
cat__barrio_PORTALES DEL NORTE,0.00075908983
cat__barrio_ARMENIA,0.0007586765
cat__barrio_RAFAEL ESCAMILLA,0.0007580624
cat__upz_APOGEO,0.0007579928
cat__barrio_PORCIUNCULA,0.00075528823
num__education_100,0.0007480963
cat__barrio_EL VERVENAL,0.0007459
cat__upz_CARVAJAL,0.0007438731
cat__barrio_EL CORTIJO,0.00074240024
cat__barrio_MODELIA OCCIDENTAL,0.00073792425
cat__upz_TEUSAQUILLO,0.00073294464
cat__barrio_LA CAPUCHINA,0.0007320556
num__healthcare_100,0.0007295833
cat__barrio_BOSQUE CALDERON,0.0007295329
cat__barrio_SAN JOSE V SECTOR,0.00070966955
cat__barrio_VILLAS DE GRANADA I,0.000708198
num__retail_access_100,0.0007026686
cat__barrio_VILLA ELISA,0.0007013328
cat__barrio_CIUDAD BACHUE I ETAPA,0.0006945585
cat__barrio_MONTEVIDEO,0.00069222046
cat__barrio_SAN BERNARDINO XVII,0.00068974856
cat__barrio_EL DANUBIO AZUL,0.00068697537
cat__barrio_LA CABANA FONTIBON,0.00068296073
cat__upz_MUZU,0.0006828984
num__education_300,0.00068256137
cat__barrio_NIZA SUR,0.00067809684
cat__barrio_EL PINO,0.00066826295
cat__barrio_BOSQUE DE MODELIA,0.0006666464
cat__barrio_SABANA DE TIBABUYES NORTE,0.0006650072
cat__barrio_TUNA BAJA,0.0006643887
cat__barrio_SAN JOAQUIN,0.00066247035
cat__barrio_EL MINUTO DE DIOS,0.0006587143
cat__barrio_LAS DOS AVENIDAS,0.0006576747
cat__barrio_LOS ANDES,0.0006548155
cat__barrio_VEREDA TIBABUYES,0.00064584165
cat__barrio_HIPOTECHO OCCIDENTAL,0.00063362013
cat__barrio_LA MERCED,0.0006328549
num__alarma,0.00062772114
cat__barrio_EL CORZO,0.0006273473
cat__barrio_LA SOLEDAD,0.0006273105
cat__barrio_VILLA GLADYS,0.00062727695
cat__barrio_PUENTE LARGO,0.0006243379
cat__barrio_CIUDAD UNIVERSITARIA,0.0006237093
cat__barrio_PUENTE GRANDE,0.00062259624
cat__barrio_SAN IGNACIO,0.00061908364
cat__barrio_INDUSTRIAL CENTENARIO,0.0006133284
cat__barrio_QUINTA CAMACHO,0.00060861895
cat__barrio_RAFAEL NUNEZ,0.0006080849
cat__barrio_CONCEPCION NORTE,0.00060468516
cat__barrio_COMUNEROS,0.0005992064
cat__barrio_OSORIO II,0.00059032463
cat__barrio_PARAMO,0.00058727665
cat__barrio_BOLIVIA NORTE,0.00058323256
cat__barrio_BELALCAZAR,0.0005831094
cat__barrio_LA FAENA,0.0005776634
cat__barrio_INGEMAR ORIENTAL,0.00057534256
cat__barrio_LOMBARDIA,0.00056687614
cat__barrio_SAN ANTONIO NORTE,0.0005615781
cat__barrio_BOSQUE DE PINOS,0.00055854267
cat__barrio_EL CARMEN FONTIBON,0.00055612676
cat__upz_ISMAEL PERDOMO,0.0005540596
cat__barrio_BELEN FONTIBON,0.0005529184
cat__barrio_EDUARDO SANTOS,0.00055177195
cat__barrio_EL VERGEL OCCIDENTAL I,0.0005514332
cat__barrio_EL REAL,0.00054836855
cat__barrio_MARLY,0.0005464164
cat__upz_ZONA FRANCA,0.0005462354
cat__barrio_GRAN AMERICA,0.0005447063
cat__barrio_SAN VICTORINO,0.0005393881
cat__barrio_SANTANDER SUR,0.0005332895
cat__barrio_DELICIAS,0.0005321333
cat__barrio_LA ESMERALDA,0.00053212524
cat__barrio_TERMINAL DE TRANSPORTES,0.0005299586
cat__barrio_SABANA DE TIBABUYES,0.0005248234
cat__barrio_CASABLANCA SUBA NORTE,0.00052318425
cat__upz_ENGATIVA,0.0005231443
cat__barrio_EL REDIL,0.00051937613
cat__barrio_SANTA ROSA,0.0005135916
cat__barrio_DINTALITO,0.0005043261
cat__barrio_ESCUELA DE CABALLERIA I,0.00049990596
cat__barrio_LA ESTANZUELA,0.0004964912
cat__barrio_ENTRERIOS,0.00049552677
cat__barrio_ALAMOS SUR INDUSTRIAL,0.0004931095
cat__upz_GALERIAS,0.00049303425
cat__barrio_PIO XII,0.0004885579
cat__upz_PUENTE ARANDA,0.0004875074
cat__upz_LAS MARGARITAS,0.000482368
cat__barrio_SAN ANTONIO SUR,0.00048159968
cat__barrio_EL ROCIO NORTE,0.0004804671
cat__barrio_POLO CLUB,0.00048033136
cat__barrio_SAMPER,0.00047860653
cat__barrio_CENTRO ENGATIVA II,0.00047218814
cat__barrio_GRAN GRANADA,0.00046740676
cat__barrio_BOCHICA II,0.0004665124
cat__barrio_VERBENAL SAN ANTONIO,0.00046493165
cat__barrio_NORMANDIA,0.00046418677
cat__barrio_ESCUELA DE INFANTERIA,0.00045501153
cat__barrio_SANTA CECILIA NORTE,0.00045498565
cat__barrio_EL DORADO,0.0004524839
cat__barrio_VILLA CARMENZA,0.0004487359
cat__barrio_EL POA,0.00044723193
cat__barrio_SAN BERNARDO,0.00044642258
cat__barrio_GUADUAL FONTIBON,0.00044212787
cat__barrio_NORMANDIA OCCIDENTAL,0.00043202427
cat__upz_ARBORIZADORA,0.00042736984
cat__barrio_SAN BERNARDINO XVI,0.00042616465
cat__barrio_RINCON DE LA VALVANERA,0.00042565158
cat__barrio_TEJAR,0.00042455413
cat__barrio_MADELENA,0.0004192475
cat__barrio_SAMPER MENDOZA,0.00041818304
cat__barrio_BRITALIA,0.00041077458
cat__barrio_SAN FERNANDO OCCIDENTAL,0.00040052005
cat__barrio_REMANSO SUR,0.00039906913
cat__barrio_HORIZONTES NORTE,0.00039795207
cat__barrio_CAMPIN,0.00039311277
cat__barrio_SAN CRISTOBAL NORTE,0.00039154792
cat__barrio_ONCE DE NOVIEMBRE,0.00038960704
cat__barrio_ATLANTA,0.00038449367
cat__barrio_CARACOLI,0.0003797126
cat__barrio_ACEVEDO TEJADA,0.0003732259
cat__barrio_JOSE JOAQUIN VARGAS,0.00037109564
cat__barrio_LA PAZ BOSA,0.0003619065
cat__barrio_CENTRO USME,0.00036078834
cat__barrio_SAN ISIDRO,0.00036067533
cat__upz_BRITALIA,0.00036040152
cat__upz_PARQUE SALITRE,0.00035849196
cat__barrio_RESTREPO,0.00033658836
cat__barrio_SANTA FE,0.00032691966
cat__upz_GRAN BRITALIA,0.00032558336
cat__barrio_LA ESPERANZA SUR,0.00032154066
cat__barrio_BANCO CENTRAL,0.0003129268
cat__barrio_JORGE GAITAN CORTES,0.00030218787
cat__barrio_VALLADOLID,0.000300228
cat__barrio_CASABLANCA,0.00029425617
cat__barrio_GALERIAS,0.0002911128
cat__barrio_SAN BERNARDINO XXII,0.00028838724
cat__barrio_VILLAS DEL PROGRESO,0.0002870881
cat__barrio_GRAN BRITALIA I,0.0002813445
cat__barrio_ALFONSO LOPEZ,0.00027825826
cat__barrio_PARQUE NACIONAL ORIENTAL,0.0002769765
cat__barrio_PROVIVIENDA CENTRAL,0.00027199445
cat__barrio_EL VERGEL OCCIDENTAL,0.0002715037
cat__barrio_JUAN XXIII,0.00026926023
cat__barrio_LAS CRUCES,0.00026267528
cat__barrio_ORTEZAL,0.00026221722
cat__barrio_TOSCANA,0.00025940186
cat__barrio_JARDIN BOTANICO,0.00025921612
cat__barrio_LAS FERIAS,0.0002576761
cat__upz_JARDIN BOTANICO,0.00025132918
cat__barrio_LA CITA,0.00025060464
cat__barrio_TIBAQUE,0.00024532856
cat__barrio_BUENOS AIRES,0.00023924588
cat__barrio_SAN FERNANDO,0.00019170827
cat__barrio_EL CHIRCAL SUR,0.00018982604
cat__barrio_VERONA,0.00018373167
cat__barrio_BAVARIA,0.00016880609
cat__barrio_LA REQUILINA,0.00016362767
cat__barrio_LA ESPERANZA SUR I,0.000103687016
cat__barrio_EL VIRREY,2.4816367e-05
cat__barrio_VEREDA EL TINTAL,0.0
cat__barrio_PROVIVIENDA,0.0
cat__barrio_PRIMAVERA,0.0
cat__barrio_PRIMAVERA II,0.0
cat__barrio_VERACRUZ,0.0
cat__barrio_VENECIA OCCIDENTAL,0.0
cat__barrio_SAN EUSEBIO,0.0
cat__barrio_VENECIA,0.0
cat__barrio_VELODROMO,0.0
cat__barrio_PRIMAVERA OCCIDENTAL,0.0
cat__barrio_VILLA MAYOR,0.0
cat__barrio_VERSALLES FONTIBON,0.0
cat__barrio_VILLA DEL PRADO,0.0
cat__barrio_SAN GABRIEL,0.0
cat__barrio_VILLA MAYOR ORIENTAL,0.0
cat__barrio_SAN JOSE DE FONTIBON,0.0
cat__barrio_VILLA MARIA,0.0
cat__barrio_POPULAR MODELO,0.0
cat__barrio_VILLA LUZ,0.0
cat__barrio_SAN JOSE DE BAVARIA,0.0
cat__barrio_VILLAS DE GRANADA,0.0
cat__barrio_VILLA DEL MAR,0.0
cat__barrio_VILLA ALSACIA,0.0
cat__barrio_SAN LUIS ALTOS DEL CABO,0.0
cat__barrio_SAN FRANCISCO RURAL,0.0
cat__barrio_PRADO VERANIEGO,0.0
cat__barrio_VILLA ANNY II,0.0
cat__barrio_SAN FRANCISCO,0.0
cat__barrio_USATAMA,0.0
cat__barrio_VILLA AMALIA,0.0
cat__barrio_SAN MARTIN SUR,0.0
cat__barrio_SAN MARTIN CENTRO,0.0
cat__barrio_SANTA ISABEL SUR,0.0
cat__barrio_SAN DIEGO-BOSA,0.0
cat__barrio_SOCIEGO,0.0
cat__barrio_SANTA  HELENITA,0.0
cat__barrio_RENANIA URAPANES,0.0
cat__barrio_SAN ISIDRO SUR,0.0
cat__barrio_SN. ANTONIO ENGATIVA,0.0
cat__barrio_SIMON BOLIVAR,0.0
cat__barrio_SIETE DE AGOSTO,0.0
cat__barrio_SIBERIA CENTRAL,0.0
cat__barrio_SANTANDER,0.0
cat__barrio_SANTA VIVIANA,0.0
cat__barrio_ROMA,0.0
cat__barrio_RONDA,0.0
cat__barrio_SANTA TERESITA,0.0
cat__barrio_YOMASA,0.0
cat__barrio_SANTA TERESA DE SUBA,0.0
cat__barrio_SANTA FE BOSA,0.0
cat__barrio_SAGRADO CORAZON,0.0
cat__barrio_SANTA MONICA,0.0
cat__barrio_SANTA MARIA,0.0
cat__barrio_SAMORE,0.0
cat__barrio_REMANSO,0.0
cat__barrio_STA. C. PUENTE NORTE,0.0
cat__barrio_VOTO NACIONAL,0.0
cat__barrio_SAN BERNARDINO XVIII,0.0
cat__barrio_PROVIVIENDA NORTE,0.0
cat__barrio_TUNA,0.0
cat__barrio_SALAZAR GOMEZ,0.0
cat__barrio_SAN CRISTOBAL SUR,0.0
cat__barrio_TIMIZA B,0.0
cat__barrio_TIMIZA,0.0
cat__barrio_TIBABUYES OCCIDENTAL,0.0
cat__barrio_SAN CARLOS,0.0
cat__barrio_PUERTA DE TEJA,0.0
cat__barrio_PUERTA DEL SOL,0.0
cat__barrio_TEUSAQUILLO,0.0
cat__barrio_SAN PEDRO DE LOS ROBLES,0.0
cat__barrio_QUESADA,0.0
cat__barrio_SAN BERNARDINO XXV,0.0
cat__barrio_SAN RAFAEL INDUSTRIAL,0.0
cat__barrio_QUIRIGUA,0.0
cat__barrio_TAIRONA,0.0
cat__barrio_TABORA,0.0
cat__barrio_SUCRE,0.0
cat__barrio_TORCA,0.0
cat__barrio_GARCES NAVAS,0.0
cat__barrio_PENSILVANIA,0.0
cat__barrio_EL PORTAL DEL BRASIL,0.0
cat__barrio_CHUNIZA,0.0
cat__barrio_CHICO SUR,0.0
cat__barrio_CHICALA,0.0
cat__barrio_CHAPINERO OCCIDENTAL,0.0
cat__barrio_CENTRO NARINO,0.0
cat__barrio_CENTRO INDUSTRIAL,0.0
cat__barrio_CENTRO FONTIBON,0.0
cat__barrio_CENTRO ADMINISTRATIVO OCCIDENT,0.0
cat__barrio_CENTRAL DE MEZCLAS,0.0
cat__barrio_CATALUNA,0.0
cat__barrio_CATALINA II,0.0
cat__barrio_CASABLANCA SUR,0.0
cat__barrio_CASA DE TEJA,0.0
cat__barrio_CANADA O GUIRA,0.0
cat__barrio_CALVO SUR,0.0
cat__barrio_BUENAVISTA,0.0
cat__barrio_BRISAS ALDEA-FONTIBON,0.0
cat__barrio_BRASILIA,0.0
cat__barrio_BOSQUE POPULAR,0.0
cat__barrio_BOSQUE IZQUIERDO,0.0
cat__barrio_BOSA,0.0
cat__barrio_CIUDAD BERNA,0.0
cat__barrio_CIUDAD JARDIN SUR,0.0
cat__barrio_CIUDAD KENNEDY,0.0
cat__barrio_DOCE DE OCTUBRE,0.0
cat__barrio_EL PARAISO NORTE,0.0
cat__barrio_EL MADRIGAL,0.0
cat__barrio_EL LAUREL,0.0
cat__barrio_EL JAZMIN,0.0
cat__barrio_EL CHARCO II,0.0
cat__barrio_EL CEREZO,0.0
cat__barrio_EL CEDRO ORIENTAL,0.0
cat__barrio_EL BOSQUE,0.0
cat__barrio_EGIPTO,0.0
cat__barrio_DINDALITO II,0.0
cat__barrio_CIUDAD KENNEDY NORTE,0.0
cat__barrio_DESARROLLO BRAZUELOS,0.0
cat__barrio_COSTA AZUL,0.0
cat__barrio_CORDOBA,0.0
cat__barrio_COLSEGUROS,0.0
cat__barrio_COLON,0.0
cat__barrio_COLOMBIA,0.0
cat__barrio_CIUDAD SALITRE SUR-ORIENTAL,0.0
cat__barrio_CIUDAD KENNEDY SUR,0.0
cat__barrio_CIUDAD KENNEDY ORIENTAL,0.0
cat__barrio_BOLIVIA ORIENTAL,0.0
cat__barrio_BOLIVIA,0.0
cat__barrio_BOITA,0.0
cat__upz_LOURDES,0.0
cat__barrio_ABRAHAM LINCOLN,0.0
cat__barrio_20 DE JULIO,0.0
cat__upz_TUNJUELITO,0.0
cat__upz_SAN RAFAEL,0.0
cat__upz_SAN ISIDRO - PATIOS,0.0
cat__upz_SAN FRANCISCO,0.0
cat__upz_SAN BLAS,0.0
cat__upz_QUIROGA,0.0
cat__upz_LUCERO,0.0
cat__upz_LOS LIBERTADORES,0.0
cat__barrio_ALCAZARES,0.0
cat__upz_LA MACARENA,0.0
cat__upz_LA GLORIA,0.0
cat__upz_LA CANDELARIA,0.0
cat__upz_LA ACADEMIA,0.0
cat__upz_JERUSALEM,0.0
cat__upz_EL TESORO,0.0
cat__upz_EL MOCHUELO,0.0
cat__upz_CIUDAD JARDIN,0.0
cat__upz_20 DE JULIO,0.0
cat__barrio_ALCALA,0.0
cat__barrio_ALCAZARES NORTE,0.0
cat__barrio_BOCHICA NORTE,0.0
cat__barrio_AUTOPISTA MUZU,0.0
cat__barrio_BILBAO,0.0
cat__barrio_BERLIN,0.0
cat__barrio_BELLAVISTA OCCIDENTAL,0.0
cat__barrio_BELEN,0.0
cat__barrio_BARRANQUILLITA,0.0
cat__barrio_BARCELONA,0.0
cat__barrio_BAQUERO,0.0
cat__barrio_AUTOPISTA SUR,0.0
cat__barrio_AUTOPISTA MUZU 0RIENTAL,0.0
cat__barrio_AURES II,0.0
cat__barrio_ALQUERIA LA FRAGUA,0.0
cat__barrio_AURES,0.0
cat__barrio_ATENAS,0.0
cat__barrio_ATAHUALPA,0.0
cat__barrio_ARGELIA II,0.0
cat__barrio_ARBORIZADORA ALTA II,0.0
cat__barrio_ANTONIO JOSE DE SUCRE,0.0
cat__barrio_ANTONIA SANTOS,0.0
cat__barrio_ANDALUCIA II,0.0
cat__barrio_ALQUERIA LA FRAGUA N.,0.0
cat__barrio_EL PENON DEL CORTIJO,0.0
cat__barrio_EL REFUGIO,0.0
cat__barrio_PATIO BONITO III,0.0
cat__barrio_EL RINCON,0.0
cat__barrio_LAS GUACAMAYAS,0.0
cat__barrio_LAS FERIAS OCCIDENTAL,0.0
cat__barrio_LAS BRISAS ORIENTAL,0.0
cat__barrio_LAS AMERICAS,0.0
cat__barrio_LAGO GAITAN,0.0
cat__barrio_LA TORRE,0.0
cat__barrio_LA SOLEDAD NORTE,0.0
cat__barrio_LA SABANA,0.0
cat__barrio_LA RIVIERA,0.0
cat__barrio_LA PRADERA,0.0
cat__barrio_LA PERSEVERANCIA,0.0
cat__barrio_LA PATRIA,0.0
cat__barrio_LA PAMPA,0.0
cat__barrio_LA MARIA,0.0
cat__barrio_LA MAGDALENA ORIENTAL,0.0
cat__barrio_LA MACARENA,0.0
cat__barrio_LA LOMITA,0.0
cat__barrio_LA LIBERTAD SUR,0.0
cat__barrio_LA LAGUNA FONTIBON,0.0
cat__barrio_LA GAITANA,0.0
cat__barrio_LA FRAGUITA,0.0
cat__barrio_LAS MARGARITAS,0.0
cat__barrio_LAS MERCEDES SUBA,0.0
cat__barrio_LAS NIEVES,0.0
cat__barrio_NARINO SUR,0.0
cat__barrio_PASTRANA,0.0
cat__barrio_PARQUE DISTRITAL SALITRE,0.0
cat__barrio_PARIS GAITAN,0.0
cat__barrio_PALO BLANCO,0.0
cat__barrio_PALERMO,0.0
cat__barrio_PABLO VI NORTE,0.0
cat__barrio_OSORIO DIEZ,0.0
cat__barrio_OLARTE,0.0
cat__barrio_NUEVO SAN ANDRES,0.0
cat__barrio_MUZU,0.0
cat__barrio_LECH WALESA,0.0
cat__barrio_MONTE BLANCO,0.0
cat__barrio_MODELO SUR,0.0
cat__barrio_MILLAN,0.0
cat__barrio_LUSITANIA,0.0
cat__barrio_LUCERO ALTO,0.0
cat__barrio_LOURDES,0.0
cat__barrio_LOS LAURELES,0.0
cat__barrio_LOS CEREZOS,0.0
cat__barrio_LISBOA SUBA,0.0
cat__barrio_LA FLORIDA OCCIDENTAL,0.0
cat__barrio_LA FISCALA NORTE,0.0
cat__barrio_LA FISCALA,0.0
cat__barrio_FRANCO,0.0
cat__barrio_GRANADA SUR,0.0
cat__barrio_GRANADA NORTE,0.0
cat__barrio_GRAN YOMASA,0.0
cat__barrio_GRAN COLOMBIANO,0.0
cat__barrio_GORGONZOLA,0.0
cat__barrio_GARCES NAVAS SUR,0.0
cat__barrio_GARCES NAVAS ORIENTAL,0.0
cat__barrio_GALICIA,0.0
cat__barrio_GALAN,0.0
cat__barrio_FLORIDA BLANCA,0.0
cat__barrio_GUADALUPE,0.0
cat__barrio_FLORIDA,0.0
cat__barrio_ESTACION CENTRAL,0.0
cat__barrio_ESCUELA MILITAR,0.0
cat__barrio_ENGATIVA ZONA URBANA,0.0
cat__barrio_EL VERGEL,0.0
cat__barrio_EL SALITRE,0.0
cat__barrio_EL RUBI,0.0
cat__barrio_EL ROSARIO,0.0
cat__barrio_EL RINCON NORTE,0.0
cat__barrio_GRANJAS DE TECHO,0.0
cat__barrio_HIPOTECHO SUR,0.0
cat__barrio_LA FAVORITA,0.0
cat__barrio_LA ANDREA,0.0
cat__barrio_LA ESTRADITA,0.0
cat__barrio_LA ESPERANZA,0.0
cat__barrio_LA CONCORDIA,0.0
cat__barrio_LA CAROLINA SUBA,0.0
cat__barrio_LA CAMPINA,0.0
cat__barrio_LA CAMELIA,0.0
cat__barrio_LA CABANA OCCIDENTAL,0.0
cat__barrio_LA CABANA NORTE,0.0
cat__barrio_LA ASUNCION,0.0
cat__barrio_LA ALAMEDA SUR,0.0
cat__barrio_IRAGUA,0.0
cat__barrio_LA ALAMEDA,0.0
cat__barrio_KASANDRA,0.0
cat__barrio_JUAN REY ( LA PAZ ),0.0
cat__barrio_JOSE MARIA CARBONEL,0.0
cat__barrio_JORGE URIBE BOTERO,0.0
cat__barrio_JAQUELINE,0.0
cat__barrio_ISMAEL PERDOMO,0.0
cat__barrio_ISLANDIA,0.0
cat__barrio_ISLA DEL SOL,0.0
cat__barrio_ZONA FRANCA,0.0
